Source,Destination,Duration,Skills
8th,Photo Editing ,3 months,
8th,Photoshop Master (2 months),2 months,
8th,10th (S.S.C.),2,
10th (S.S.C.),Engineering Diploma,3,
Engineering Diploma,Government Contractor (Civil/Electrical),,
Engineering Diploma,Degree Engineering (B.E.),4,
Engineering Diploma,Associate Membership of Institution of Engineers(A.M.I.E.),,
Engineering Diploma,Institution of Electronics & Telecommunication Engineers (I.E.T.E.),,
Institution of Electronics & Telecommunication Engineers (I.E.T.E.),MPSC (Exam),,
Institution of Electronics & Telecommunication Engineers (I.E.T.E.),UPSC (Exam),,
Engineering Diploma,R.T.O. Inspector Exam,,
Engineering Diploma,Merchant Navy,3,
10th (S.S.C.),LIC Agent,,
10th (S.S.C.),Army,,
10th (S.S.C.),Navy,,
10th (S.S.C.),Air Force (Defence),,
10th (S.S.C.),Police Department Exam,,
Police Department Exam,Police Constable Airmen,,
Police Department Exam,Navik,,
Police Department Exam,Soldier,,
10th (S.S.C.),Art Teacher Diploma,2,
10th (S.S.C.),Fine Art,3,
10th (S.S.C.),Commercial Art Diploma,1,
10th (S.S.C.),ITI,,
ITI,ITI Fitter,1,
ITI,ITI Welder,2,
ITI,ITI Machinist,1,
ITI,ITI Stenographer,1,
ITI,ITI Diesel Mechanic,1,
ITI,ITI Draughtsman (Mechanical) Engineering,2,
ITI,ITI Pump Operator,1,
ITI,ITI Dress Making,1,
ITI,ITI Manufacture Foot Wear,1,
ITI,ITI Foundry Man Engineering,1,
ITI,ITI Carpenter Engineering,1,
ITI,ITI Tool & Die Maker Engineering,3,
ITI,ITI etc,,
10th (S.S.C.),Railway Ticket Collector (T.C.),,
10th (S.S.C.),Commerce Clerk Exam,,
10th (S.S.C.),12th (H.S.C.),2,
10th (S.S.C.),Bank Insurance,3,
10th (S.S.C.),Clerical Exam,,
10th (S.S.C.),Other Government Clerical Grade Exam,,
Other Government Clerical Grade Exam,Governement Clerk,,
10th (S.S.C.),Diploma in Dance,3,
10th (S.S.C.),Diploma in Music,1,
10th (S.S.C.),Certified Building Supervisor,1,
10th (S.S.C.),Diploma in Farm Management (Animal Husbandary),2,
10th (S.S.C.),Medical Laboratory Technician Certificate Course (MLT),1,
10th (S.S.C.),Various Diploma Courses,,
Various Diploma Courses,Interior Designing Diploma,1,
Various Diploma Courses,Stenography,2,
Various Diploma Courses,Private Secretary Practice,1,
Various Diploma Courses,Beauty Culture & Hair Dressing,2,
Various Diploma Courses,Garment Technology,2 yr approx,
10th (S.S.C.),MS-CIT Course,2,
MS-CIT Course,Data Entry Operator,3 months,
10th (S.S.C.),Post Graduate Diploma in Computer Application (PGDCA),1,
10th (S.S.C.),Certificate in Desktop Publishing (DTP),6 months,
10th (S.S.C.),Graphics,1,
,,,
12th (H.S.C.),12th Commerce,2,
12th (H.S.C.),12th Science,2,
12th (H.S.C.),12th Arts,2,
12th (H.S.C.),D.Ed.,2,
12th Commerce,Chartered Accountant (CPT),,
12th Commerce,B.Com,3,
12th Commerce,B.B.A.,3,
B.B.A.,M.B.A.,2,
12th Commerce,C.S. Foundation,1,
12th Commerce,B.C.A. (12th Commerce + Maths),3,
12th Commerce,D.Ed.,2,
12th Commerce,Call Center,,
B.Com,M.B.A.,2,
M.B.A.,Marketing,2,
M.B.A.,Finance,2,
M.B.A.,HR,2,
M.B.A.,Logistics Management,2,
M.B.A.,Business Management,2,
M.B.A.,Operations Management,2,
M.B.A.,Rural Management,2,
M.B.A.,Health Care Management,2,
M.B.A.,Information Technology (IT),2,
M.B.A.,Business Analytics,2,
M.B.A.,Event Management,2,
M.B.A.,Manager,,
M.B.A.,Businessman,,
B.Com,Bank,,
B.Com,Insurance Probationary,,
B.Com,Development Officer Exam,,
B.Com,L.L.B.,5,
L.L.B.,L.L.M.,2,
B.Com,Chartered Accountant (CPT),,
B.Com,B.Ed.,2,
B.Ed.,M.Ed.,2,
M.Ed.,Teacher,,
B.Com,Bachelor in Library Science,1,
Bachelor in Library Science,Librarian,,
B.Com,C.S. Foundation,1,
B.Com,Import Export Diploma,2,
B.Com,M.C.A.,3,
B.Com,M.C.M.,2,
M.C.A.,Software Job (IT),,
M.C.M.,Software Job (IT),,
B.Com,MPSC,,
B.Com,UPSC,,
MPSC,IAS,,
MPSC,IPS,,
MPSC,Deputy Superintendent of Police (DSP),,
MPSC,Deputy Commissioner of Police (DC),,
UPSC,IAS,,
UPSC,IPS,,
UPSC,Deputy Superintendent of Police (DSP),,
UPSC,Deputy Commissioner of Police (DC),,
B.Com,Computer Courses (Tally),45 days,
B.Com,Indian Military Academy,,
,,,
12th Science,12th Science With PCMB,2,
12th Science With PCMB,B.Sc in Dairy Technology,3,
12th Science With PCMB,Bachelor of Pharmacy,4,
12th Science With PCMB,B.Tech in Agriculture,4,
12th Science With PCMB,B.Sc. Bio-Technology,3,
12th Science With PCMB,B.Sc. In Agriculture,4,
,,,
B.Sc in Dairy Technology,M.B.A.,2,
Bachelor of Pharmacy,M.B.A.,2,
Bachelor of Pharmacy,Master in Pharmacy,2,
B.Tech in Agriculture,M.B.A.,2,
B.Tech in Agriculture,M.Tech in Agriculture,2,
B.Sc. Bio-Technology,M.B.A.,2,
B.Sc. Bio-Technology,M.Sc. Bio-Technology,2,
B.Sc. In Agriculture,M.B.A.,2,
B.Sc. In Agriculture,M.Sc. Animal Husbandary,1,
B.Sc. In Agriculture,M.Sc. Dairy Technology,2,
,,,
12th Science,12th Science With PCM,2,
12th Science With PCM,N.D.A.,3,
12th Science With PCM,B.Arch.,5,
12th Science With PCM,Bachelor of Planning & Design,4,
12th Science With PCM,Technical Entry in Indian Army,4,
12th Science With PCM,B.E.,4,
12th Science With PCM,B.Tech,4,
12th Science With PCM,Engineering Diploma,3,
12th Science With PCM,B.C.S.,3,
12th Science With PCM,B.C.A.,3,
12th Science With PCM,Film & Television Diploma (FTII),1,
12th Science With PCM,Film Editing Cinematography,2,
12th Science With PCM,Film Processing,2,
12th Science With PCM,Hotel Management Degree,3,
,,,
N.D.A.,Army,5,
N.D.A.,Navy,3 yr approx,
N.D.A.,Airforce,74 weeks,
B.Arch.,Diploma in Interior,1,
B.Arch.,Landscape Design,4,
B.E.,I.E.S. Exam,,
B.E.,Merchant Navy,3,
B.E.,M.E.,2,
B.E.,MPSC,,
B.E.,UPSC,,
B.E.,Defence Direct Entry,3,
B.E.,M.S. (Foreign University),2,
B.E.,M.B.A.,2,
B.E.,M.Tech (IIT),2,
B.E.,Government Contractor (Civil/ Electrical),,
I.E.S. Exam,Job in Railway,,
I.E.S. Exam,Job in Public Sector Company,,
Merchant Navy,Marine Engineer,4,
M.E.,Engineer,,
M.E.,Teacher,,
MPSC,IAS,,
UPSC,IAS,,
Defence Direct Entry,Indian Navy,,
Defence Direct Entry,Airforce,,
B.C.A.,M.C.A.,3,
B.C.A.,M.C.S.,10 months,
B.C.A.,M.C.M.,2,
B.C.A.,M.B.A.,2,
B.C.S.,M.C.A.,3,
B.C.S.,M.C.S.,10 months,
B.C.S.,M.C.M.,2,
B.C.S.,M.B.A.,2,
Film & Television Diploma (FTII),Job in Film Production,,
Film & Television Diploma (FTII),Job in TV Channels,,
Film Editing Cinematography,Job in Film Production,,
Film Editing Cinematography,Job in TV Channels,,
Film Processing,Job in Film Production,,
Film Processing,Job in TV Channels,,
,,,
12th Science,12th Science With PCB,2,
12th Science With PCB,B.A.M.S.,5.5 yr,
12th Science With PCB,B.H.M.S.,5.5 yr,
12th Science With PCB,B.V.Sc.,5.5 yr,
12th Science With PCB,B.D.S.,5,
12th Science With PCB,M.B.B.S.,5.5 yr,
12th Science With PCB,Paramedical Courses,,
12th Science With PCB,B.Sc. Nurshing,4,
12th Science With PCB,Diploma in Nursing,3,
12th Science With PCB,B.M.L.T.,3.5 yr,
12th Science With PCB,B.Sc. Home Science,3,
12th Science With PCB,"B.Sc. (Botony, Micro biology, Zoology, Physics, Chemistry etc.)",3,
,,,
Paramedical Courses,Medical Lab Technology,3,
Paramedical Courses,Hospital Food Service Management,2 yr approx,
Paramedical Courses,Medical X-Ray Technology,2,
Paramedical Courses,Medical Records Technology,3,
Paramedical Courses,Operation Theater Technology,2,
Paramedical Courses,Opthalmic Technology,2,
Paramedical Courses,Health Inspector,3,
Paramedical Courses,Dialysis Technology,2,
Paramedical Courses,Auxiliary MIISE/MIDWIFERY,2,
"B.Sc. (Botony, Micro biology, Zoology, Physics, Chemistry etc.)",M.Sc,2,
"B.Sc. (Botony, Micro biology, Zoology, Physics, Chemistry etc.)",M.Sc (Bio-Tech),2,
M.Sc,M.Phil,1,
M.Phil,Ph.D.,3,
M.Sc (Bio-Tech),M.Tech (Bio-Tech),2,
B.A.M.S.,M.D.,4,
B.D.S.,M.D.S.,3,
M.B.B.S.,M.D.,4,
M.B.B.S.,M.S.,3,
M.B.B.S.,Special Diploma,3,
,,,
12th Arts,D.Ed.,,
12th Arts,B.S.W.,3,
12th Arts,L.L.B. Foundation,3,
12th Arts,Fashion Designing Diploma,1,
12th Arts,Interior Designing Diploma,1,
12th Arts,B.A.,3,
12th Arts,B.B.A.,3,
12th Arts,Foreign Languages Diploma,1,
12th Arts,Call Center Job,,
D.Ed.,Teacher,,
B.S.W.,M.S.W.,2,
L.L.B. Foundation,D.T.L.,1,
L.L.B. Foundation,D.L.L.,1,
L.L.B. Foundation,L.L.M.,2,
B.A.,B.P.Ed.,2,
B.P.Ed.,P.T. Teacher,,
B.A.,M.A.,2,
B.A.,M.A. in Mass Communication,2,
B.A.,Bachelor in Journalism,3,
B.A.,L.L.B.,5,
L.L.B.,L.L.M.,2,
B.A.,Bachelor in Library Science,1,
B.A.,M.B.A.,2,
B.A.,MPSC,,
B.A.,UPSC,,
MPSC,IAS,,
UPSC,IAS,,
B.A.,Diploma in dramatisation (NSD),3,
Diploma in dramatisation (NSD),Acting in Films,,
Diploma in dramatisation (NSD),Acting in Plays,,
B.A.,M.C.A.,3,
B.A.,M.C.M.,2,
M.C.A.,Software Job (IT),,
M.C.M.,Software Job (IT),,
B.A.,B.Ed.,2,
B.Ed.,M.Ed.,2,
B.A.,Advertising & Commercial Management Diploma,1,
B.A.,Event Management Diploma,1,
B.A.,Sub Inspector Exam for BSF,,
B.A.,Sub Inspector Exam for CRPF,,
B.A.,Sub Inspector Exam for CISF,,
B.B.A.,M.B.A.,2,
M.B.A.,Manager,,
M.B.A.,Businessman,,
,,,
12th (H.S.C.),Diploma in Travel & Tourism,1,
12th (H.S.C.),Laboratory Technician Diploma (D.M.L.T.),2,
12th (H.S.C.),L.I.C. Agent,,
12th (H.S.C.),Hotal Management Diploma,3,
Hotal Management Diploma,Air Hostess,1,
Hotal Management Diploma,Flight Steward,,
12th (H.S.C.),Student Pilot Licence,1,
Student Pilot Licence,Professional Pilot Licence,3,
Professional Pilot Licence,Commercial Pilot Licence,15 months,